System,Split,F0.5,F0.5_lo,F0.5_hi,Precision,Prec_lo,Prec_hi,Recall,Rec_lo,Rec_hi,TP,FP,FN,TN,PPR
All-FAILURE,900-row,0.0,0.0,0.0,0.0,0.0,1.0,0.0,0.0,0.0453,0,0,81,819,0.0%
All-SUCCESS,900-row,0.11,0.0873,0.1325,0.09,0.073,0.1105,1.0,0.9547,1.0,81,819,0,0,100.0%
LR-TF-IDF (threshold tuned on 120-subset),900-row,0.3333,0.2027,0.4545,0.4167,0.2714,0.578,0.1852,0.1156,0.2833,15,21,66,798,4.0%
All-FAILURE,120-sample,0.0,0.0,0.0,0.0,0.0,1.0,0.0,0.0,0.2588,0,0,11,109,0.0%
All-SUCCESS,120-sample,0.112,0.0515,0.1807,0.0917,0.052,0.1567,1.0,0.7412,1.0,11,109,0,0,100.0%
LR-TF-IDF,120-sample,0.7143,0.3125,0.9091,0.8333,0.4365,0.9699,0.4545,0.2127,0.7199,5,1,6,108,5.0%
qwen3:32b Few-Shot,120-sample,0.1932,0.0794,0.3125,0.1633,0.0851,0.2904,0.7273,0.4343,0.9025,8,41,3,68,40.8%
qwen3:32b Vanilla,120-sample,0.2174,0.0556,0.3884,0.1923,0.0851,0.3788,0.4545,0.2127,0.7199,5,21,6,88,21.7%
GGUF Q4_K_M Vanilla,120-sample,0.2632,0.0,0.625,0.5,0.0945,0.9055,0.0909,0.0162,0.3774,1,1,10,108,1.7%
